emineliyev,23487985360,https://api.github.com/users/emineliyev
by-d-sign,23487985346,https://api.github.com/users/by-d-sign
by-d-sign,23487985321,https://api.github.com/users/by-d-sign
ausmoons,23487985350,https://api.github.com/users/ausmoons
ausmoons,23487985373,https://api.github.com/users/ausmoons
ausmoons,23487985331,https://api.github.com/users/ausmoons
Gbislay,23487985353,https://api.github.com/users/Gbislay
vacseeker,23487985271,https://api.github.com/users/vacseeker
EliOceanak,23487985289,https://api.github.com/users/EliOceanak
retarpt,23487985292,https://api.github.com/users/retarpt
bellesea,23487985343,https://api.github.com/users/bellesea
palamago,23487985312,https://api.github.com/users/palamago
ausmoons,23487985326,https://api.github.com/users/ausmoons
Vlynn01,23487985276,https://api.github.com/users/Vlynn01
svilkata,23487985280,https://api.github.com/users/svilkata
restlessronin,23487985281,https://api.github.com/users/restlessronin
markus-k,23487985272,https://api.github.com/users/markus-k
lauretteisingizwe,23487985270,https://api.github.com/users/lauretteisingizwe
spdtf,23487985293,https://api.github.com/users/spdtf
by-d-sign,23487985250,https://api.github.com/users/by-d-sign
openshift-ci[bot],23487985234,https://api.github.com/users/openshift-ci[bot]
Gabe616,23487985254,https://api.github.com/users/Gabe616
palamago,23487985231,https://api.github.com/users/palamago
ausmoons,23487985242,https://api.github.com/users/ausmoons
gautam071,23487985209,https://api.github.com/users/gautam071
jordanlewis-dngl,23487985185,https://api.github.com/users/jordanlewis-dngl
nchamo,23487985187,https://api.github.com/users/nchamo
petrosklg,23487985213,https://api.github.com/users/petrosklg
KatGGS,23487985184,https://api.github.com/users/KatGGS
bret99,23487985178,https://api.github.com/users/bret99
evilgaoshu,23487963576,https://api.github.com/users/evilgaoshu
gurram47,23487963624,https://api.github.com/users/gurram47
afbeltranr,23487963529,https://api.github.com/users/afbeltranr
karla-vm,23487963558,https://api.github.com/users/karla-vm
hsluoyz,23487963581,https://api.github.com/users/hsluoyz
mnw1020,23487963532,https://api.github.com/users/mnw1020
ikjo93,23487963524,https://api.github.com/users/ikjo93
Gabe616,23487963526,https://api.github.com/users/Gabe616
BadProfessor,23487963492,https://api.github.com/users/BadProfessor
allanrg4,23487963504,https://api.github.com/users/allanrg4
QGarchery,23487963536,https://api.github.com/users/QGarchery
Diyouf,23487963495,https://api.github.com/users/Diyouf
tiltingpenguin,23487963522,https://api.github.com/users/tiltingpenguin
igrek-ovs,23487963444,https://api.github.com/users/igrek-ovs
cchanmi,23487963462,https://api.github.com/users/cchanmi
mvashishtha,23487963480,https://api.github.com/users/mvashishtha
na4zagin3,23487963457,https://api.github.com/users/na4zagin3
xsidc,23487963413,https://api.github.com/users/xsidc
kkukelka,23487963429,https://api.github.com/users/kkukelka
Sidalvik,23487963448,https://api.github.com/users/Sidalvik
qJkee,23487963440,https://api.github.com/users/qJkee
mvashishtha,23487963411,https://api.github.com/users/mvashishtha
mergify[bot],23487963456,https://api.github.com/users/mergify[bot]
exqlnet,23487963426,https://api.github.com/users/exqlnet
lindseyburnett,23487963471,https://api.github.com/users/lindseyburnett
wwwuuid2com28,23487963425,https://api.github.com/users/wwwuuid2com28
signcla-test-unsigned,23487963368,https://api.github.com/users/signcla-test-unsigned
LombiqBot,23487963384,https://api.github.com/users/LombiqBot
HARPHUNA,23487963376,https://api.github.com/users/HARPHUNA
khurtwilliams,23487963366,https://api.github.com/users/khurtwilliams
