emineliyev/mtv_project,23487985360,https://api.github.com/repos/emineliyev/mtv_project
cncf/toc,23487985346,https://api.github.com/repos/cncf/toc
cncf/toc,23487985321,https://api.github.com/repos/cncf/toc
Hatthatteryhathat/LearningStuff-codelex,23487985350,https://api.github.com/repos/Hatthatteryhathat/LearningStuff-codelex
Hatthatteryhathat/LearningStuff-codelex,23487985373,https://api.github.com/repos/Hatthatteryhathat/LearningStuff-codelex
Hatthatteryhathat/LearningStuff-codelex,23487985331,https://api.github.com/repos/Hatthatteryhathat/LearningStuff-codelex
alexis-luna/codeigniter4-auth-and-user-management,23487985353,https://api.github.com/repos/alexis-luna/codeigniter4-auth-and-user-management
vacseeker/vacseeker.github.io,23487985271,https://api.github.com/repos/vacseeker/vacseeker.github.io
IOTJuly2022/Oniwaban-Frontend,23487985289,https://api.github.com/repos/IOTJuly2022/Oniwaban-Frontend
scala-graph/scala-graph,23487985292,https://api.github.com/repos/scala-graph/scala-graph
hackclub/assemble,23487985343,https://api.github.com/repos/hackclub/assemble
tesseract-olap/tesseract-ui,23487985312,https://api.github.com/repos/tesseract-olap/tesseract-ui
Hatthatteryhathat/LearningStuff-codelex,23487985326,https://api.github.com/repos/Hatthatteryhathat/LearningStuff-codelex
Vlynn01/Bai-tap-MD1,23487985276,https://api.github.com/repos/Vlynn01/Bai-tap-MD1
svilkata/computer_store,23487985280,https://api.github.com/repos/svilkata/computer_store
restlessronin/lila-reports,23487985281,https://api.github.com/repos/restlessronin/lila-reports
markus-k/go-echarger-api-rs,23487985272,https://api.github.com/repos/markus-k/go-echarger-api-rs
lauretteisingizwe/new-wallet,23487985270,https://api.github.com/repos/lauretteisingizwe/new-wallet
spdtf/terraform,23487985293,https://api.github.com/repos/spdtf/terraform
cncf/toc,23487985250,https://api.github.com/repos/cncf/toc
openshift/release,23487985234,https://api.github.com/repos/openshift/release
Gabe616/ObbyCreatorMusicList,23487985254,https://api.github.com/repos/Gabe616/ObbyCreatorMusicList
tesseract-olap/tesseract-ui,23487985231,https://api.github.com/repos/tesseract-olap/tesseract-ui
Hatthatteryhathat/LearningStuff-codelex,23487985242,https://api.github.com/repos/Hatthatteryhathat/LearningStuff-codelex
ColoredCow/portal,23487985209,https://api.github.com/repos/ColoredCow/portal
reapit/foundations,23487985185,https://api.github.com/repos/reapit/foundations
Mean-Finance/dca-v2-core,23487985187,https://api.github.com/repos/Mean-Finance/dca-v2-core
transifex/openformats,23487985213,https://api.github.com/repos/transifex/openformats
KatGGS/KatGGS,23487985184,https://api.github.com/repos/KatGGS/KatGGS
bret99/vkontakte_scan,23487985178,https://api.github.com/repos/bret99/vkontakte_scan
spring-projects/spring-boot,23487963576,https://api.github.com/repos/spring-projects/spring-boot
gurram47/AP20110010620-CS306-L,23487963624,https://api.github.com/repos/gurram47/AP20110010620-CS306-L
afbeltranr/Agrilab2,23487963529,https://api.github.com/repos/afbeltranr/Agrilab2
CMSgov/cms-carts-seds,23487963558,https://api.github.com/repos/CMSgov/cms-carts-seds
casdoor/casdoor-chrome-extension,23487963581,https://api.github.com/repos/casdoor/casdoor-chrome-extension
mnw1020/obsidian,23487963532,https://api.github.com/repos/mnw1020/obsidian
ikjo93/Data-Structure,23487963524,https://api.github.com/repos/ikjo93/Data-Structure
Gabe616/ObbyCreatorMusicList,23487963526,https://api.github.com/repos/Gabe616/ObbyCreatorMusicList
BadProfessor/INL,23487963492,https://api.github.com/repos/BadProfessor/INL
ALMA-FUNDEGUA/vacunasgt,23487963504,https://api.github.com/repos/ALMA-FUNDEGUA/vacunasgt
morpho-dao/morpho-utils,23487963536,https://api.github.com/repos/morpho-dao/morpho-utils
Diyouf/newpage.github.io,23487963495,https://api.github.com/repos/Diyouf/newpage.github.io
tiltingpenguin/uyuni,23487963522,https://api.github.com/repos/tiltingpenguin/uyuni
igrek-ovs/igrek-ovs.github.io,23487963444,https://api.github.com/repos/igrek-ovs/igrek-ovs.github.io
TeamDearToday/Deartoday-iOS,23487963462,https://api.github.com/repos/TeamDearToday/Deartoday-iOS
modin-project/modin,23487963480,https://api.github.com/repos/modin-project/modin
na4zagin3/satyrographos-repo-alpha,23487963457,https://api.github.com/repos/na4zagin3/satyrographos-repo-alpha
xsidc/monmiao,23487963413,https://api.github.com/repos/xsidc/monmiao
kkukelka/nft-gallery,23487963429,https://api.github.com/repos/kkukelka/nft-gallery
Sidalvik/005-Sidalvik-FrontEnd-Cargo-project,23487963448,https://api.github.com/repos/Sidalvik/005-Sidalvik-FrontEnd-Cargo-project
qJkee/cluster-config-operator,23487963440,https://api.github.com/repos/qJkee/cluster-config-operator
modin-project/modin,23487963411,https://api.github.com/repos/modin-project/modin
majacQ/juicefs,23487963456,https://api.github.com/repos/majacQ/juicefs
bwmarrin/discordgo,23487963426,https://api.github.com/repos/bwmarrin/discordgo
RedHatInsights/rhsm-subscriptions,23487963471,https://api.github.com/repos/RedHatInsights/rhsm-subscriptions
wwwuuid2com28/22_11948,23487963425,https://api.github.com/repos/wwwuuid2com28/22_11948
google-test2/signclav2-probe-repo,23487963368,https://api.github.com/repos/google-test2/signclav2-probe-repo
Lombiq/Orchard,23487963384,https://api.github.com/repos/Lombiq/Orchard
HARPHUNA/grpc-SwiftPM,23487963376,https://api.github.com/repos/HARPHUNA/grpc-SwiftPM
khurtwilliams/microblog,23487963366,https://api.github.com/repos/khurtwilliams/microblog
