id,login
1696078,sukhada,https://api.github.com/users/sukhada
66924041,yousabu,https://api.github.com/users/yousabu
74971347,MathisGD,https://api.github.com/users/MathisGD
91143053,BR-Junior,https://api.github.com/users/BR-Junior
60825784,predictcrypto,https://api.github.com/users/predictcrypto
102357035,kazukimikami,https://api.github.com/users/kazukimikami
46447321,allcontributors[bot],https://api.github.com/users/allcontributors[bot]
41898282,github-actions[bot],https://api.github.com/users/github-actions[bot]
21972349,sozysozbot,https://api.github.com/users/sozysozbot
17869732,moiify,https://api.github.com/users/moiify
37043957,Callithrix-omics,https://api.github.com/users/Callithrix-omics
22376627,datho7561,https://api.github.com/users/datho7561
90624848,ofzlo,https://api.github.com/users/ofzlo
98659638,edwardzuniga,https://api.github.com/users/edwardzuniga
32714304,0xcadams,https://api.github.com/users/0xcadams
41898282,github-actions[bot],https://api.github.com/users/github-actions[bot]
111369888,Mahalderk,https://api.github.com/users/Mahalderk
5146167,markbush,https://api.github.com/users/markbush
34882892,balena-ci,https://api.github.com/users/balena-ci
12437240,chengzhong001,https://api.github.com/users/chengzhong001
39814207,pull[bot],https://api.github.com/users/pull[bot]
75855221,fathozt,https://api.github.com/users/fathozt
90800936,ibrahimalangri,https://api.github.com/users/ibrahimalangri
102809970,InonAngel98,https://api.github.com/users/InonAngel98
111434456,DmytroKova,https://api.github.com/users/DmytroKova
5981249,brianway,https://api.github.com/users/brianway
41898282,github-actions[bot],https://api.github.com/users/github-actions[bot]
23216921,adamsorbie,https://api.github.com/users/adamsorbie
21071133,justbecoder,https://api.github.com/users/justbecoder
28898909,dislbenn,https://api.github.com/users/dislbenn
100631798,simonkernel,https://api.github.com/users/simonkernel
50076953,moppspace,https://api.github.com/users/moppspace
266306,kenorb,https://api.github.com/users/kenorb
533180,scriptzteam,https://api.github.com/users/scriptzteam
45897686,Rayato159,https://api.github.com/users/Rayato159
111345762,wwwuuid2com28,https://api.github.com/users/wwwuuid2com28
34191203,masx200,https://api.github.com/users/masx200
41286756,delete-merged-branch[bot],https://api.github.com/users/delete-merged-branch[bot]
104261999,hughmum,https://api.github.com/users/hughmum
105309205,VSCodeTriageBot,https://api.github.com/users/VSCodeTriageBot
64238609,Chris28-bui,https://api.github.com/users/Chris28-bui
18267059,ewquon,https://api.github.com/users/ewquon
17339907,pascal65536,https://api.github.com/users/pascal65536
106313266,kenobiwins,https://api.github.com/users/kenobiwins
81696881,BatmKey,https://api.github.com/users/BatmKey
23103004,AmishAlvi,https://api.github.com/users/AmishAlvi
107489195,GayathriBS25,https://api.github.com/users/GayathriBS25
33073024,jonathanbratt,https://api.github.com/users/jonathanbratt
99908577,MrCarpi,https://api.github.com/users/MrCarpi
55003092,xsidc,https://api.github.com/users/xsidc
773186,shanemcd,https://api.github.com/users/shanemcd
40209448,VortexFeedback,https://api.github.com/users/VortexFeedback
71764184,nizamial09,https://api.github.com/users/nizamial09
42854223,SmallPigPeppa,https://api.github.com/users/SmallPigPeppa
41898282,github-actions[bot],https://api.github.com/users/github-actions[bot]
13384921,ThatSpaceGuy,https://api.github.com/users/ThatSpaceGuy
13384921,ThatSpaceGuy,https://api.github.com/users/ThatSpaceGuy
47776594,baileys-li,https://api.github.com/users/baileys-li
100371567,nancyscip,https://api.github.com/users/nancyscip
62687145,vpnsuperapp,https://api.github.com/users/vpnsuperapp
17046279,emineliyev,https://api.github.com/users/emineliyev
77382887,by-d-sign,https://api.github.com/users/by-d-sign
77382887,by-d-sign,https://api.github.com/users/by-d-sign
53189160,ausmoons,https://api.github.com/users/ausmoons
53189160,ausmoons,https://api.github.com/users/ausmoons
53189160,ausmoons,https://api.github.com/users/ausmoons
101668167,Gbislay,https://api.github.com/users/Gbislay
80751634,vacseeker,https://api.github.com/users/vacseeker
101674460,EliOceanak,https://api.github.com/users/EliOceanak
84594955,retarpt,https://api.github.com/users/retarpt
65808924,bellesea,https://api.github.com/users/bellesea
1203432,palamago,https://api.github.com/users/palamago
53189160,ausmoons,https://api.github.com/users/ausmoons
89231237,Vlynn01,https://api.github.com/users/Vlynn01
32245309,svilkata,https://api.github.com/users/svilkata
88921269,restlessronin,https://api.github.com/users/restlessronin
1889403,markus-k,https://api.github.com/users/markus-k
110401162,lauretteisingizwe,https://api.github.com/users/lauretteisingizwe
102963495,spdtf,https://api.github.com/users/spdtf
77382887,by-d-sign,https://api.github.com/users/by-d-sign
75433959,openshift-ci[bot],https://api.github.com/users/openshift-ci[bot]
60316309,Gabe616,https://api.github.com/users/Gabe616
1203432,palamago,https://api.github.com/users/palamago
53189160,ausmoons,https://api.github.com/users/ausmoons
73119570,gautam071,https://api.github.com/users/gautam071
108016524,jordanlewis-dngl,https://api.github.com/users/jordanlewis-dngl
15222168,nchamo,https://api.github.com/users/nchamo
89910257,petrosklg,https://api.github.com/users/petrosklg
88154716,KatGGS,https://api.github.com/users/KatGGS
64787351,bret99,https://api.github.com/users/bret99
40192655,MemsourceTesting,https://api.github.com/users/MemsourceTesting
15108577,mshodge,https://api.github.com/users/mshodge
56824428,Shadow1221a,https://api.github.com/users/Shadow1221a
92843337,Shikharcoder,https://api.github.com/users/Shikharcoder
111448857,bagantatiana,https://api.github.com/users/bagantatiana
106591964,kunedev,https://api.github.com/users/kunedev
77368399,rlwilliams34,https://api.github.com/users/rlwilliams34
41898282,github-actions[bot],https://api.github.com/users/github-actions[bot]
100631798,simonkernel,https://api.github.com/users/simonkernel
110987124,JayaPolanki,https://api.github.com/users/JayaPolanki
8517910,LombiqBot,https://api.github.com/users/LombiqBot
41898282,github-actions[bot],https://api.github.com/users/github-actions[bot]
52455419,iamruveyda,https://api.github.com/users/iamruveyda
44069,drmingdrmer,https://api.github.com/users/drmingdrmer
686971,khurtwilliams,https://api.github.com/users/khurtwilliams
1570877,spamalot22,https://api.github.com/users/spamalot22
97834402,Master-Stroke,https://api.github.com/users/Master-Stroke
98466955,jaamanu,https://api.github.com/users/jaamanu
110988742,Robdep818,https://api.github.com/users/Robdep818
84789330,Xnerro,https://api.github.com/users/Xnerro
41898282,github-actions[bot],https://api.github.com/users/github-actions[bot]
41898282,github-actions[bot],https://api.github.com/users/github-actions[bot]
104889074,DhavalContrivertech,https://api.github.com/users/DhavalContrivertech
104744021,luceteeun,https://api.github.com/users/luceteeun
228037,blackjid,https://api.github.com/users/blackjid
17073422,alexpassss,https://api.github.com/users/alexpassss
43329036,tasuku43,https://api.github.com/users/tasuku43
41898282,github-actions[bot],https://api.github.com/users/github-actions[bot]
110601895,samirmarey848,https://api.github.com/users/samirmarey848
38593095,igorbk202,https://api.github.com/users/igorbk202
44167236,evilgaoshu,https://api.github.com/users/evilgaoshu
111333037,gurram47,https://api.github.com/users/gurram47
65502770,afbeltranr,https://api.github.com/users/afbeltranr
99458559,karla-vm,https://api.github.com/users/karla-vm
3787410,hsluoyz,https://api.github.com/users/hsluoyz
11596368,mnw1020,https://api.github.com/users/mnw1020
82401504,ikjo93,https://api.github.com/users/ikjo93
60316309,Gabe616,https://api.github.com/users/Gabe616
37953029,BadProfessor,https://api.github.com/users/BadProfessor
28701858,allanrg4,https://api.github.com/users/allanrg4
22668539,QGarchery,https://api.github.com/users/QGarchery
111433069,Diyouf,https://api.github.com/users/Diyouf
100686237,tiltingpenguin,https://api.github.com/users/tiltingpenguin
111448530,igrek-ovs,https://api.github.com/users/igrek-ovs
86944161,cchanmi,https://api.github.com/users/cchanmi
10712109,mvashishtha,https://api.github.com/users/mvashishtha
368735,na4zagin3,https://api.github.com/users/na4zagin3
55003092,xsidc,https://api.github.com/users/xsidc
17953978,kkukelka,https://api.github.com/users/kkukelka
94136524,Sidalvik,https://api.github.com/users/Sidalvik
13433317,qJkee,https://api.github.com/users/qJkee
10712109,mvashishtha,https://api.github.com/users/mvashishtha
37929162,mergify[bot],https://api.github.com/users/mergify[bot]
44158642,exqlnet,https://api.github.com/users/exqlnet
19955562,lindseyburnett,https://api.github.com/users/lindseyburnett
111345762,wwwuuid2com28,https://api.github.com/users/wwwuuid2com28
30538765,signcla-test-unsigned,https://api.github.com/users/signcla-test-unsigned
8517910,LombiqBot,https://api.github.com/users/LombiqBot
109001160,HARPHUNA,https://api.github.com/users/HARPHUNA
686971,khurtwilliams,https://api.github.com/users/khurtwilliams
