id,name
75340147,350org/ak_intl_v3
525526680,yousabu/ansible_rhce
512700417,morpho-dao/morpho-utils
525851446,BR-Junior/crud-com-vue-e-quasar
505029866,predictcrypto/pins
525845306,kazukimikami/reservation
274724694,dendronhq/dendron
523780252,tiller1010/silverstripe-spam-module
524701461,sozysozbot/mikanos
164541747,moiify/AutoGreen
524655561,Callithrix-omics/Callithrix-omics.github.io
264221410,datho7561/quarkus-ls
472789273,Sooktoring/Sooktoring-Android
487950724,edwardzuniga/holbertonschool-higher_level_programming
432870871,livepeer/explorer
523780252,tiller1010/silverstripe-spam-module
525845966,Mahalderk/CV
522475355,markbush/Smalltalk-80-CompilerLib
280075452,product-os/jellyfish-worker
524300625,chengzhong001/cpp-examples
502695999,kybru91/vscode-languageserver-node
381424857,fathozt/MyProject
525860418,ibrahimalangri/KUn
507821009,web-application-app/gigosRate
525800293,DmytroKova/TUTORIAL
55965971,brianway/algorithms-learning
266811533,wizche/lema-observatory
406699027,adamsorbie/Stroke_Microbiota_reproducibility
501154542,justbecoder/react-router-middleware-plus
239809522,stolostron/search-e2e-test
520238237,kernel-community/goerli
183910394,moppspace/moppspace.github.io
525809133,FX31337/FX31337-wasm
494995936,scriptzteam/badIPS
463636623,Rayato159/eyepacs-front
525861687,wwwuuid2com28/57_11953
81810486,antvis/G6
317845893,portefaix/portefaix-hub
525861731,hughmum/Java
177839194,microsoft/vscode-remote-release
525009005,Chris28-bui/Crown-clothing
438699285,ewquon/SSRS
484628799,pascal65536/kompoblog
521245400,kenobiwins/team-project
443946633,BatmKey/douyin-api
511161013,AmishAlvi/CowChef
504768904,GayathriBS25/Case-Studies
371501013,macmillancontentscience/torchtransformers
525861732,MrCarpi/Expanding-Cards-Css
525476229,xsidc/monmiao
91594105,ansible/awx
67433627,Nexus-Mods/Vortex
2310495,ceph/ceph
506631492,SmallPigPeppa/cassle
371422187,MiaoMiaoYoung/MiaoMiaoYoung.github.io
50386243,18F/identity-idp
50386243,18F/identity-idp
518935066,htmlacademy-adaptive/1719055-sedona-26
523548128,nancyscip/Back-Portfolio
250208038,vpnsuperapp/fast
523499555,emineliyev/mtv_project
47574295,cncf/toc
47574295,cncf/toc
518116339,Hatthatteryhathat/LearningStuff-codelex
518116339,Hatthatteryhathat/LearningStuff-codelex
518116339,Hatthatteryhathat/LearningStuff-codelex
294616630,alexis-luna/codeigniter4-auth-and-user-management
348289466,vacseeker/vacseeker.github.io
525468623,IOTJuly2022/Oniwaban-Frontend
7895941,scala-graph/scala-graph
496556366,hackclub/assemble
181560846,tesseract-olap/tesseract-ui
518116339,Hatthatteryhathat/LearningStuff-codelex
522104148,Vlynn01/Bai-tap-MD1
513139142,svilkata/computer_store
523970273,restlessronin/lila-reports
525129775,markus-k/go-echarger-api-rs
525861309,lauretteisingizwe/new-wallet
477668666,spdtf/terraform
47574295,cncf/toc
75224144,openshift/release
500139646,Gabe616/ObbyCreatorMusicList
181560846,tesseract-olap/tesseract-ui
518116339,Hatthatteryhathat/LearningStuff-codelex
125008594,ColoredCow/portal
227561999,reapit/foundations
396935505,Mean-Finance/dca-v2-core
34167510,transifex/openformats
390774959,KatGGS/KatGGS
414147614,bret99/vkontakte_scan
514690004,MemsourceTesting/AS-e2e-api-tests
488121371,mshodge/youshallnotpassport
525860679,Shadow1221a/Bugs
525861128,Shikharcoder/C-123-Project
525861642,bagantatiana/bagantatiana
525033894,kunedev/kune-discourse-basecomponent
413138123,rlwilliams34/google-research
416432811,udanielnogueira/udanielnogueira
520238237,kernel-community/goerli
525858098,JayaPolanki/frt-project
410004573,Lombiq/TheResumeTheme
388772917,jekhuz/jekhuz
332031783,iamruveyda/KBU-Logic
400147654,drmingdrmer/openraft
288543809,khurtwilliams/microblog
525837168,spamalot22/serverless-instana-wrapper
523895419,Master-Stroke/Master-Stroke
525861640,jaamanu/My-Personal-Professional-Portfolio
525861639,Robdep818/First_Html_Page
525861259,Xnerro/money-manager-api
499932232,bj5nj7oh/bj5nj7oh
504997209,kherrick/soylent-news
520938759,Sagar-contrivertech/yo_testing
525851500,luceteeun/espoir
69051421,platanus/send_grid_mailer
503306301,senseteq-io/senseteq-landing
525833130,tasuku43/php-mermaid-class-diagram
390310800,letphilippe3/grport
525540976,samirmarey848/ping
512295715,igorbk202/Projeto-Git
6296790,spring-projects/spring-boot
525860969,gurram47/AP20110010620-CS306-L
350706029,afbeltranr/Agrilab2
226399669,CMSgov/cms-carts-seds
521980272,casdoor/casdoor-chrome-extension
438998478,mnw1020/obsidian
525362201,ikjo93/Data-Structure
500139646,Gabe616/ObbyCreatorMusicList
268298723,BadProfessor/INL
399546191,ALMA-FUNDEGUA/vacunasgt
512700417,morpho-dao/morpho-utils
525860287,Diyouf/newpage.github.io
522510250,tiltingpenguin/uyuni
525859727,igrek-ovs/igrek-ovs.github.io
509700187,TeamDearToday/Deartoday-iOS
138224079,modin-project/modin
495043847,na4zagin3/satyrographos-repo-alpha
525476229,xsidc/monmiao
435120097,kkukelka/nft-gallery
484665561,Sidalvik/005-Sidalvik-FrontEnd-Cargo-project
483328134,qJkee/cluster-config-operator
138224079,modin-project/modin
399070715,majacQ/juicefs
45356931,bwmarrin/discordgo
176802984,RedHatInsights/rhsm-subscriptions
525860966,wwwuuid2com28/22_11948
409344435,google-test2/signclav2-probe-repo
86929735,Lombiq/Orchard
525552996,HARPHUNA/grpc-SwiftPM
288543809,khurtwilliams/microblog
